[
  {
    "id": "ae15bb2f-08a5-4663-a890-9b760e8a4f7b",
    "data": [
      {
        "text": "Hello I am Mo",
        "userDefined": false
      }
    ],
    "isTemplate": false,
    "count": 0,
    "lang": "en",
    "updated": 0
  },
  {
    "id": "25fa2fa0-fe26-41c7-83e3-0d7ee81ebd28",
    "data": [
      {
        "text": "You can call me ",
        "userDefined": false
      },
      {
        "text": "Jimmy",
        "meta": "@sys.person",
        "alias": "person",
        "userDefined": false
      }
    ],
    "isTemplate": false,
    "count": 0,
    "lang": "en",
    "updated": 0
  },
  {
    "id": "7c583097-bc7a-42e5-a853-86cb37632cc4",
    "data": [
      {
        "text": "Bella",
        "meta": "@sys.person",
        "alias": "person",
        "userDefined": false
      }
    ],
    "isTemplate": false,
    "count": 0,
    "lang": "en",
    "updated": 0
  },
  {
    "id": "ba4d339d-d12d-4f96-b4d3-ad304a973792",
    "data": [
      {
        "text": "David",
        "meta": "@sys.person",
        "alias": "person",
        "userDefined": false
      }
    ],
    "isTemplate": false,
    "count": 0,
    "lang": "en",
    "updated": 0
  },
  {
    "id": "b40ce98c-3729-46f7-b54a-c1286d48ea78",
    "data": [
      {
        "text": "Steve",
        "meta": "@sys.person",
        "alias": "person",
        "userDefined": false
      }
    ],
    "isTemplate": false,
    "count": 0,
    "lang": "en",
    "updated": 0
  },
  {
    "id": "66596a58-ad74-4e5b-be63-270baf5e4dda",
    "data": [
      {
        "text": "I am ",
        "userDefined": false
      },
      {
        "text": "Jumana",
        "meta": "@sys.person",
        "alias": "person",
        "userDefined": false
      }
    ],
    "isTemplate": false,
    "count": 0,
    "lang": "en",
    "updated": 0
  },
  {
    "id": "7a7fe5ae-7a01-484e-8352-7e79ba7b9283",
    "data": [
      {
        "text": "my name is ",
        "userDefined": false
      },
      {
        "text": "Jumana",
        "meta": "@sys.person",
        "alias": "person",
        "userDefined": false
      }
    ],
    "isTemplate": false,
    "count": 0,
    "lang": "en",
    "updated": 0
  }
]